BEGIN TRANSACTION;
CREATE TABLE "auth_group" ("id" integer NOT NULL PRIMARY KEY AUTOINCREMENT, "name" varchar(150) NOT NULL UNIQUE);
CREATE TABLE "auth_group_permissions" ("id" integer NOT NULL PRIMARY KEY AUTOINCREMENT, "group_id" integer NOT NULL REFERENCES "auth_group" ("id") DEFERRABLE INITIALLY DEFERRED, "permission_id" integer NOT NULL REFERENCES "auth_permission" ("id") DEFERRABLE INITIALLY DEFERRED);
CREATE TABLE "auth_permission" ("id" integer NOT NULL PRIMARY KEY AUTOINCREMENT, "content_type_id" integer NOT NULL REFERENCES "django_content_type" ("id") DEFERRABLE INITIALLY DEFERRED, "codename" varchar(100) NOT NULL, "name" varchar(255) NOT NULL);
INSERT INTO "auth_permission" VALUES(1,1,'add_logentry','Can add log entry');
INSERT INTO "auth_permission" VALUES(2,1,'change_logentry','Can change log entry');
INSERT INTO "auth_permission" VALUES(3,1,'delete_logentry','Can delete log entry');
INSERT INTO "auth_permission" VALUES(4,1,'view_logentry','Can view log entry');
INSERT INTO "auth_permission" VALUES(5,3,'add_permission','Can add permission');
INSERT INTO "auth_permission" VALUES(6,3,'change_permission','Can change permission');
INSERT INTO "auth_permission" VALUES(7,3,'delete_permission','Can delete permission');
INSERT INTO "auth_permission" VALUES(8,3,'view_permission','Can view permission');
INSERT INTO "auth_permission" VALUES(9,2,'add_group','Can add group');
INSERT INTO "auth_permission" VALUES(10,2,'change_group','Can change group');
INSERT INTO "auth_permission" VALUES(11,2,'delete_group','Can delete group');
INSERT INTO "auth_permission" VALUES(12,2,'view_group','Can view group');
INSERT INTO "auth_permission" VALUES(13,4,'add_user','Can add user');
INSERT INTO "auth_permission" VALUES(14,4,'change_user','Can change user');
INSERT INTO "auth_permission" VALUES(15,4,'delete_user','Can delete user');
INSERT INTO "auth_permission" VALUES(16,4,'view_user','Can view user');
INSERT INTO "auth_permission" VALUES(17,5,'add_contenttype','Can add content type');
INSERT INTO "auth_permission" VALUES(18,5,'change_contenttype','Can change content type');
INSERT INTO "auth_permission" VALUES(19,5,'delete_contenttype','Can delete content type');
INSERT INTO "auth_permission" VALUES(20,5,'view_contenttype','Can view content type');
INSERT INTO "auth_permission" VALUES(21,6,'add_session','Can add session');
INSERT INTO "auth_permission" VALUES(22,6,'change_session','Can change session');
INSERT INTO "auth_permission" VALUES(23,6,'delete_session','Can delete session');
INSERT INTO "auth_permission" VALUES(24,6,'view_session','Can view session');
INSERT INTO "auth_permission" VALUES(25,12,'add_profile','Can add profile');
INSERT INTO "auth_permission" VALUES(26,12,'change_profile','Can change profile');
INSERT INTO "auth_permission" VALUES(27,12,'delete_profile','Can delete profile');
INSERT INTO "auth_permission" VALUES(28,12,'view_profile','Can view profile');
INSERT INTO "auth_permission" VALUES(29,13,'add_supportticket','Can add support ticket');
INSERT INTO "auth_permission" VALUES(30,13,'change_supportticket','Can change support ticket');
INSERT INTO "auth_permission" VALUES(31,13,'delete_supportticket','Can delete support ticket');
INSERT INTO "auth_permission" VALUES(32,13,'view_supportticket','Can view support ticket');
INSERT INTO "auth_permission" VALUES(33,10,'add_otprequest','Can add otp request');
INSERT INTO "auth_permission" VALUES(34,10,'change_otprequest','Can change otp request');
INSERT INTO "auth_permission" VALUES(35,10,'delete_otprequest','Can delete otp request');
INSERT INTO "auth_permission" VALUES(36,10,'view_otprequest','Can view otp request');
INSERT INTO "auth_permission" VALUES(37,11,'add_payment','Can add payment');
INSERT INTO "auth_permission" VALUES(38,11,'change_payment','Can change payment');
INSERT INTO "auth_permission" VALUES(39,11,'delete_payment','Can delete payment');
INSERT INTO "auth_permission" VALUES(40,11,'view_payment','Can view payment');
INSERT INTO "auth_permission" VALUES(41,9,'add_notification','Can add notification');
INSERT INTO "auth_permission" VALUES(42,9,'change_notification','Can change notification');
INSERT INTO "auth_permission" VALUES(43,9,'delete_notification','Can delete notification');
INSERT INTO "auth_permission" VALUES(44,9,'view_notification','Can view notification');
INSERT INTO "auth_permission" VALUES(45,7,'add_booking','Can add booking');
INSERT INTO "auth_permission" VALUES(46,7,'change_booking','Can change booking');
INSERT INTO "auth_permission" VALUES(47,7,'delete_booking','Can delete booking');
INSERT INTO "auth_permission" VALUES(48,7,'view_booking','Can view booking');
INSERT INTO "auth_permission" VALUES(49,8,'add_event','Can add event');
INSERT INTO "auth_permission" VALUES(50,8,'change_event','Can change event');
INSERT INTO "auth_permission" VALUES(51,8,'delete_event','Can delete event');
INSERT INTO "auth_permission" VALUES(52,8,'view_event','Can view event');
CREATE TABLE "auth_user" ("id" integer NOT NULL PRIMARY KEY AUTOINCREMENT, "password" varchar(128) NOT NULL, "last_login" datetime NULL, "is_superuser" bool NOT NULL, "username" varchar(150) NOT NULL UNIQUE, "last_name" varchar(150) NOT NULL, "email" varchar(254) NOT NULL, "is_staff" bool NOT NULL, "is_active" bool NOT NULL, "date_joined" datetime NOT NULL, "first_name" varchar(150) NOT NULL);
INSERT INTO "auth_user" VALUES(1,'pbkdf2_sha256$1200000$Csisqz1E512PBfEqL5GPHM$9PE4qWCAKGEDGon1xs7RJuyoBuUxO5o/gdfFOr2LRfY=','2026-02-21 18:23:30.675895',0,'john@example.com','','john@example.com',0,1,'2026-02-20 15:22:06.989776','John Doe');
INSERT INTO "auth_user" VALUES(2,'pbkdf2_sha256$1200000$sdJd8LUVcxyPeIly5aqKt7$aBq243UhsjwrTpYkQJEdiY5mxJ83kzKmbjlXBKNZY4I=','2026-02-21 18:14:08.704989',0,'organizer@example.com','','organizer@example.com',0,1,'2026-02-20 15:22:09.448078','Sarah Weddings');
INSERT INTO "auth_user" VALUES(3,'pbkdf2_sha256$1200000$ula7aESVfFPSghKoKL075X$otCdRo94qyuII8Tqqu11T7YPjomu/gCCA34jQQwVCrc=','2026-02-20 15:25:10.981787',0,'test87423@example.com','','test87423@example.com',0,1,'2026-02-20 15:25:10.920259','Test User');
INSERT INTO "auth_user" VALUES(4,'pbkdf2_sha256$1200000$Q58RDBKQaqmz6AVuHQtLVr$XYHWJ7KAfhCGquONBkRU/6Qf14FQSD50ayVbB0lCjrA=','2026-02-21 13:15:08.778057',0,'asing27748@gmail.com','','asing27748@gmail.com',0,1,'2026-02-20 15:31:07.386337','Arpit Singh');
INSERT INTO "auth_user" VALUES(5,'',NULL,0,'multi_test@example.com::user','','',0,1,'2026-02-21 09:45:37.076554','User');
INSERT INTO "auth_user" VALUES(8,'pbkdf2_sha256$1200000$k4IhOq5WSkHvpemfuVTFrE$2g9dJui/1okgElRcUb2Tht1RqxbEK8Idgvdte4vW/QQ=','2026-02-21 11:28:00.826143',0,'asing27748@gmail.com::organizer','','asing27748@gmail.com',0,1,'2026-02-21 09:48:55.932630','arpit singh');
INSERT INTO "auth_user" VALUES(9,'pbkdf2_sha256$1200000$wZFKDlgiOAxXb1FeIYBge7$UgLVTOQJ/CicPeazrZDNLYlLtzKvhk4Wnm/Rjh4q8j0=','2026-02-21 17:22:35.963151',0,'prahaldsingh12365415@gmail.com::user','','prahaldsingh12365415@gmail.com',0,1,'2026-02-21 17:22:35.889033','arpit');
INSERT INTO "auth_user" VALUES(10,'pbkdf2_sha256$1200000$udiNoOCwBWBAtw5r3RtDti$6BNASon83sxx7HscOzfkY52F6I7ihnbcUAYVG7vfAz4=','2026-02-21 17:23:47.948030',0,'prahaldsingh12365415@gmail.com::organizer','','prahaldsingh12365415@gmail.com',0,1,'2026-02-21 17:23:45.407324','arpit');
INSERT INTO "auth_user" VALUES(11,'pbkdf2_sha256$1200000$0BXyakwRXYb2zJfWCZ6faM$K12yt0p835hugBRLpmNbqrqjTdoNeK6HTZc2XnzdPGA=','2026-02-21 17:25:27.211636',0,'prahaladsingh12365415@gmail.com::organizer','','prahaladsingh12365415@gmail.com',0,1,'2026-02-21 17:25:27.168099','arpit');
CREATE TABLE "auth_user_groups" ("id" integer NOT NULL PRIMARY KEY AUTOINCREMENT, "user_id" integer NOT NULL REFERENCES "auth_user" ("id") DEFERRABLE INITIALLY DEFERRED, "group_id" integer NOT NULL REFERENCES "auth_group" ("id") DEFERRABLE INITIALLY DEFERRED);
CREATE TABLE "auth_user_user_permissions" ("id" integer NOT NULL PRIMARY KEY AUTOINCREMENT, "user_id" integer NOT NULL REFERENCES "auth_user" ("id") DEFERRABLE INITIALLY DEFERRED, "permission_id" integer NOT NULL REFERENCES "auth_permission" ("id") DEFERRABLE INITIALLY DEFERRED);
CREATE TABLE "core_booking" ("id" integer NOT NULL PRIMARY KEY AUTOINCREMENT, "tickets" integer unsigned NOT NULL CHECK ("tickets" >= 0), "attendee_name" varchar(120) NOT NULL, "status" varchar(20) NOT NULL, "payment_status" varchar(20) NOT NULL, "total_amount" integer unsigned NOT NULL CHECK ("total_amount" >= 0), "invoice_no" varchar(80) NOT NULL, "booking_date" datetime NOT NULL, "user_id" integer NOT NULL REFERENCES "auth_user" ("id") DEFERRABLE INITIALLY DEFERRED, "event_id" bigint NOT NULL REFERENCES "core_event" ("id") DEFERRABLE INITIALLY DEFERRED, "application_role" varchar(30) NOT NULL);
INSERT INTO "core_booking" VALUES(2,2,'John Doe','pending','unpaid',0,'','2026-02-20 15:22:11.635607',1,2,'attendee');
INSERT INTO "core_booking" VALUES(3,1,'John Doe','completed','paid',5000,'INV-2025012','2026-02-20 15:22:11.636017',1,6,'attendee');
INSERT INTO "core_booking" VALUES(4,1,'John Doe','cancelled','refunded',3000,'','2026-02-20 15:22:11.636721',1,7,'attendee');
INSERT INTO "core_booking" VALUES(5,1,'John Doe','confirmed','paid',2500,'INV-177160105591','2026-02-20 15:24:15.774896',1,1,'attendee');
INSERT INTO "core_booking" VALUES(7,1,'Arpit Singh','cancelled','paid',1200,'INV-177160376581','2026-02-20 16:09:21.064282',4,3,'attendee');
INSERT INTO "core_booking" VALUES(8,1,'Arpit Singh','confirmed','paid',3000,'INV-177166931517','2026-02-21 10:21:44.400854',4,7,'attendee');
CREATE TABLE "core_event" ("id" integer NOT NULL PRIMARY KEY AUTOINCREMENT, "title" varchar(180) NOT NULL, "category" varchar(80) NOT NULL, "location" varchar(180) NOT NULL, "date" date NOT NULL, "time" varchar(80) NOT NULL, "price" integer unsigned NOT NULL CHECK ("price" >= 0), "description" text NOT NULL, "image_url" varchar(200) NULL, "organizer_name" varchar(120) NOT NULL, "organizer_phone" varchar(40) NOT NULL, "organizer_email" varchar(254) NOT NULL, "created_at" datetime NOT NULL, "created_by_id" integer NULL REFERENCES "auth_user" ("id") DEFERRABLE INITIALLY DEFERRED, "image_file" varchar(100) NULL, "active_participants_required" integer unsigned NOT NULL CHECK ("active_participants_required" >= 0), "active_participants_usage" varchar(220) NOT NULL, "attendees_required" integer unsigned NOT NULL CHECK ("attendees_required" >= 0), "attendees_usage" varchar(220) NOT NULL, "helpers_required" integer unsigned NOT NULL CHECK ("helpers_required" >= 0), "helpers_usage" varchar(220) NOT NULL);
INSERT INTO "core_event" VALUES(1,'Electro Beats: Live Music Concert','Music','Karachi, Pakistan','2026-03-17','7:00 PM - 10:00 PM',2500,'Live music event with top DJs and immersive stage lighting.','https://images.unsplash.com/photo-1492684223066-81342ee5ff30?auto=format&fit=crop&w=1200&q=80','Sarah Weddings','+92 300 1224567','contact@sarahweddings.com','2026-02-20 15:22:11.620132',2,NULL,0,'',0,'',0,'');
INSERT INTO "core_event" VALUES(2,'Startup & Tech Conference 2026','Business','Karachi, Pakistan','2026-03-27','9:00 AM - 5:00 PM',0,'Conference on AI, product design, and startup growth.','https://images.unsplash.com/photo-1515169067868-5387ec356754?auto=format&fit=crop&w=1200&q=80','Sarah Weddings','+92 300 1224567','contact@sarahweddings.com','2026-02-20 15:22:11.620920',2,NULL,0,'',0,'',0,'');
INSERT INTO "core_event" VALUES(3,'Photography Workshop for Beginners','Workshop','Karachi, Pakistan','2026-03-10','1:00 PM - 5:00 PM',1200,'Hands-on workshop on camera basics, framing, and lighting.','https://images.unsplash.com/photo-1516035069371-29a1b244cc32?auto=format&fit=crop&w=1200&q=80','Sarah Weddings','+92 300 1224567','contact@sarahweddings.com','2026-02-20 15:22:11.621354',2,NULL,0,'',0,'',0,'');
INSERT INTO "core_event" VALUES(4,'Culinary Masterclass with Chef Asad','Workshop','Karachi, Pakistan','2026-03-22','12:00 PM - 5:00 PM',2000,'Interactive culinary event with plated tasting session.','https://images.unsplash.com/photo-1556911220-bff31c812dba?auto=format&fit=crop&w=1200&q=80','Sarah Weddings','+92 300 1224567','contact@sarahweddings.com','2026-02-20 15:22:11.621818',2,NULL,0,'',0,'',0,'');
INSERT INTO "core_event" VALUES(5,'Wedding Event 2026','Wedding','Serena Hotel, Karachi, Pakistan','2026-04-06','10:00 AM - 4:00 PM',5000,'Luxury wedding planning showcase for couples and families.','https://images.unsplash.com/photo-1519741497674-611481863552?auto=format&fit=crop&w=1400&q=80','Sarah Weddings','+92 300 1224567','contact@sarahweddings.com','2026-02-20 15:22:11.622286',2,NULL,0,'',0,'',0,'');
INSERT INTO "core_event" VALUES(6,'Business Leadership Summit','Business','Convention Center, Bangalore','2026-01-29','10:00 AM - 6:00 PM',5000,'Leadership talks and networking for business professionals.','https://images.unsplash.com/photo-1475721027785-f74eccf877e2?auto=format&fit=crop&w=1200&q=80','Sarah Weddings','+92 300 1224567','contact@sarahweddings.com','2026-02-20 15:22:11.622727',2,NULL,0,'',0,'',0,'');
INSERT INTO "core_event" VALUES(7,'Art & Design Expo','Art','Gallery Hall, Mumbai','2026-01-11','11:00 AM - 8:00 PM',3000,'Curated exhibition of modern art and design installations.','https://images.unsplash.com/photo-1460661419201-fd4cecdf8a8b?auto=format&fit=crop&w=1200&q=80','Sarah Weddings','+92 300 1224567','contact@sarahweddings.com','2026-02-20 15:22:11.623157',2,NULL,0,'',0,'',0,'');
INSERT INTO "core_event" VALUES(8,'Food Festival Night','Food & Drinks','Carnival Ground, Kolkata','2026-04-16','6:00 PM - 11:00 PM',2000,'Street food festival with live music and tasting counters.','https://images.unsplash.com/photo-1504674900247-0877df9cc836?auto=format&fit=crop&w=1200&q=80','Sarah Weddings','+92 300 1224567','contact@sarahweddings.com','2026-02-20 15:22:11.623574',2,NULL,0,'',0,'',0,'');
INSERT INTO "core_event" VALUES(9,'no','mo','mo','2021-02-07','10',373,'kksdd','','Sarah Weddings','+92 300 1224567','organizer@example.com','2026-02-21 06:41:58.413832',2,'event_images/20241220.jpg',0,'',0,'',0,'');
INSERT INTO "core_event" VALUES(10,'r','mo','mo','8666-04-05','2:22 AM - 3:24 AM',768,'fhfgf',NULL,'Sarah Weddings','+92 300 1224567','organizer@example.com','2026-02-21 17:53:16.913530',2,'event_images/134141624537971824_sY6xJ0j.jpg',34,'hg',0,'',65,'y');
CREATE TABLE "core_notification" ("id" integer NOT NULL PRIMARY KEY AUTOINCREMENT, "title" varchar(160) NOT NULL, "message" text NOT NULL, "type" varchar(30) NOT NULL, "is_read" bool NOT NULL, "created_at" datetime NOT NULL, "user_id" integer NOT NULL REFERENCES "auth_user" ("id") DEFERRABLE INITIALLY DEFERRED);
INSERT INTO "core_notification" VALUES(1,'Booking Confirmed','Your booking for ''Electro Beats: Live Music Concert'' has been confirmed.','booking',0,'2026-02-20 15:22:11.638018',1);
INSERT INTO "core_notification" VALUES(2,'Payment Updated','Payment of INR 2,500 completed successfully.','payment',0,'2026-02-20 15:22:11.638897',1);
INSERT INTO "core_notification" VALUES(3,'Event Reminder','Reminder: Photography Workshop starts soon.','reminder',0,'2026-02-20 15:22:11.639489',1);
INSERT INTO "core_notification" VALUES(4,'Booking Created','Your booking request for ''Electro Beats: Live Music Concert'' is created. Complete payment to confirm.','booking',0,'2026-02-20 15:24:15.792500',1);
INSERT INTO "core_notification" VALUES(5,'Booking Confirmed','Payment successful for ''Electro Beats: Live Music Concert''. Booking is confirmed.','payment',0,'2026-02-20 15:24:15.842352',1);
INSERT INTO "core_notification" VALUES(6,'Welcome to Eventify','Your account is verified and ready. Start browsing events.','system',0,'2026-02-20 15:25:10.947449',3);
INSERT INTO "core_notification" VALUES(7,'Welcome to Eventify','Your account is verified and ready. Start browsing events.','system',1,'2026-02-20 15:31:07.417417',4);
INSERT INTO "core_notification" VALUES(8,'Booking Created','Your booking request for ''Photography Workshop for Beginners'' is created. Complete payment to confirm.','booking',1,'2026-02-20 16:08:49.227326',4);
INSERT INTO "core_notification" VALUES(9,'Booking Confirmed','Payment successful for ''Photography Workshop for Beginners''. Booking is confirmed.','payment',1,'2026-02-20 16:08:59.152743',4);
INSERT INTO "core_notification" VALUES(10,'Booking Created','Your booking request for ''Photography Workshop for Beginners'' is created. Complete payment to confirm.','booking',1,'2026-02-20 16:09:21.073142',4);
INSERT INTO "core_notification" VALUES(11,'Booking Confirmed','Payment successful for ''Photography Workshop for Beginners''. Booking is confirmed.','payment',1,'2026-02-20 16:09:25.769280',4);
INSERT INTO "core_notification" VALUES(12,'Booking Cancelled','Your booking for ''Photography Workshop for Beginners'' has been cancelled.','booking',1,'2026-02-20 16:14:01.881827',4);
INSERT INTO "core_notification" VALUES(13,'Welcome to Eventify','Your account is verified and ready. Start browsing events.','system',1,'2026-02-21 09:48:55.957318',8);
INSERT INTO "core_notification" VALUES(14,'Password Updated','Your account password was changed successfully.','security',1,'2026-02-21 10:21:20.459305',4);
INSERT INTO "core_notification" VALUES(15,'Booking Created','Your booking request for ''Art & Design Expo'' is created. Complete payment to confirm.','booking',1,'2026-02-21 10:21:44.408712',4);
INSERT INTO "core_notification" VALUES(16,'Booking Confirmed','Payment successful for ''Art & Design Expo''. Booking is confirmed.','payment',1,'2026-02-21 10:21:55.360609',4);
INSERT INTO "core_notification" VALUES(17,'Welcome to Eventify','Your account is verified and ready. Start browsing events.','system',0,'2026-02-21 17:22:35.914169',9);
INSERT INTO "core_notification" VALUES(18,'Welcome to Eventify','Your account is verified and ready. Start browsing events.','system',0,'2026-02-21 17:23:46.759648',10);
INSERT INTO "core_notification" VALUES(19,'Welcome to Eventify','Your account is verified and ready. Start browsing events.','system',0,'2026-02-21 17:25:27.189266',11);
INSERT INTO "core_notification" VALUES(20,'Booking Created','Your booking request for ''Role Slot Test Event'' is created. Complete payment to confirm.','booking',0,'2026-02-21 18:10:20.283485',1);
CREATE TABLE "core_otprequest" ("id" integer NOT NULL PRIMARY KEY AUTOINCREMENT, "purpose" varchar(20) NOT NULL, "contact" varchar(150) NOT NULL, "role" varchar(20) NOT NULL, "name" varchar(120) NOT NULL, "password_hash" varchar(255) NOT NULL, "otp" varchar(6) NOT NULL, "expires_at" datetime NOT NULL, "is_used" bool NOT NULL, "created_at" datetime NOT NULL, "user_id" integer NULL REFERENCES "auth_user" ("id") DEFERRABLE INITIALLY DEFERRED);
INSERT INTO "core_otprequest" VALUES(1,'reset','john@example.com','','','','944887','2026-02-20 15:34:12.663709',0,'2026-02-20 15:24:12.664975',1);
INSERT INTO "core_otprequest" VALUES(2,'register','test87423@example.com','user','Test User','pbkdf2_sha256$1200000$ula7aESVfFPSghKoKL075X$otCdRo94qyuII8Tqqu11T7YPjomu/gCCA34jQQwVCrc=','243966','2026-02-20 15:35:10.890896',1,'2026-02-20 15:25:10.891542',NULL);
INSERT INTO "core_otprequest" VALUES(3,'register','asing27748@gmail.com','user','Arpit Singh','pbkdf2_sha256$1200000$87XV5oMd0lq8IAdBZaa1bY$yQgvdCnXLQI11mWAQ9jMtfId21lmxnIqj4MLHsQk5ss=','874795','2026-02-20 15:40:51.374196',1,'2026-02-20 15:30:51.374817',NULL);
INSERT INTO "core_otprequest" VALUES(4,'register','asing27748@gmail.com','organizer','arpit singh','pbkdf2_sha256$1200000$k4IhOq5WSkHvpemfuVTFrE$2g9dJui/1okgElRcUb2Tht1RqxbEK8Idgvdte4vW/QQ=','542843','2026-02-21 09:58:32.671501',1,'2026-02-21 09:48:32.671974',NULL);
INSERT INTO "core_otprequest" VALUES(5,'reset','asing27748@gmail.com','user','','','570234','2026-02-21 10:30:50.987616',1,'2026-02-21 10:20:50.988200',4);
INSERT INTO "core_otprequest" VALUES(6,'register','prahaldsingh12365415@gmail.com','user','arpit','pbkdf2_sha256$1200000$jHOfJNceHuKenPLOw13uDP$oNHeHUvPFTw1z8C7sGfLGqruPEK1lj515A79Mykfnc8=','968025','2026-02-21 17:32:16.529552',0,'2026-02-21 17:22:16.530001',NULL);
INSERT INTO "core_otprequest" VALUES(7,'register','prahaldsingh12365415@gmail.com','user','arpit','pbkdf2_sha256$1200000$ChaSpmARvU7u4DnzlIMkB1$LtHFfTIeB0hexciaxbRVmB1umg7Qf9EB8US2xUqL91g=','750611','2026-02-21 17:32:18.762593',0,'2026-02-21 17:22:18.763072',NULL);
INSERT INTO "core_otprequest" VALUES(8,'register','prahaldsingh12365415@gmail.com','user','arpit','pbkdf2_sha256$1200000$wZFKDlgiOAxXb1FeIYBge7$UgLVTOQJ/CicPeazrZDNLYlLtzKvhk4Wnm/Rjh4q8j0=','424928','2026-02-21 17:32:20.807235',1,'2026-02-21 17:22:20.807598',NULL);
INSERT INTO "core_otprequest" VALUES(9,'register','prahaldsingh12365415@gmail.com','organizer','arpit','pbkdf2_sha256$1200000$udiNoOCwBWBAtw5r3RtDti$6BNASon83sxx7HscOzfkY52F6I7ihnbcUAYVG7vfAz4=','423893','2026-02-21 17:33:30.835733',1,'2026-02-21 17:23:30.836028',NULL);
INSERT INTO "core_otprequest" VALUES(10,'register','prahaladsingh12365415@gmail.com','organizer','arpit','pbkdf2_sha256$1200000$0BXyakwRXYb2zJfWCZ6faM$K12yt0p835hugBRLpmNbqrqjTdoNeK6HTZc2XnzdPGA=','159255','2026-02-21 17:35:19.561404',1,'2026-02-21 17:25:19.561713',NULL);
CREATE TABLE "core_payment" ("id" integer NOT NULL PRIMARY KEY AUTOINCREMENT, "amount" integer unsigned NOT NULL CHECK ("amount" >= 0), "method" varchar(80) NOT NULL, "status" varchar(20) NOT NULL, "paid_at" datetime NOT NULL, "booking_id" bigint NOT NULL REFERENCES "core_booking" ("id") DEFERRABLE INITIALLY DEFERRED);
INSERT INTO "core_payment" VALUES(2,5000,'Card','paid','2026-02-20 15:22:11.636349',3);
INSERT INTO "core_payment" VALUES(3,2500,'UPI','paid','2026-02-20 15:24:15.834855',5);
INSERT INTO "core_payment" VALUES(5,1200,'UPI','paid','2026-02-20 16:09:25.758631',7);
INSERT INTO "core_payment" VALUES(6,3000,'UPI','paid','2026-02-21 10:21:55.348508',8);
CREATE TABLE "core_profile" ("id" integer NOT NULL PRIMARY KEY AUTOINCREMENT, "role" varchar(20) NOT NULL, "contact" varchar(150) NOT NULL, "phone" varchar(40) NOT NULL, "address" varchar(255) NOT NULL, "notification_booking" bool NOT NULL, "notification_payment" bool NOT NULL, "notification_updates" bool NOT NULL, "language" varchar(30) NOT NULL, "dark_mode" bool NOT NULL, "created_at" datetime NOT NULL, "user_id" integer NOT NULL UNIQUE REFERENCES "auth_user" ("id") DEFERRABLE INITIALLY DEFERRED, "profile_image" varchar(100) NULL, CONSTRAINT "uniq_profile_contact_role" UNIQUE ("contact", "role"));
INSERT INTO "core_profile" VALUES(1,'user','john@example.com','+91 9876543210','123 Main Street, New Delhi, India',1,1,1,'English',1,'2026-02-20 15:22:09.439320',1,'profile_images/133809813352734289.jpg');
INSERT INTO "core_profile" VALUES(2,'organizer','organizer@example.com','+92 300 1224567','Karachi, Pakistan',1,1,1,'English',1,'2026-02-20 15:22:11.584388',2,NULL);
INSERT INTO "core_profile" VALUES(3,'user','test87423@example.com','','',1,1,1,'English',0,'2026-02-20 15:25:10.928008',3,NULL);
INSERT INTO "core_profile" VALUES(4,'user','asing27748@gmail.com','6386167317','house no 117 hanumant vihar new bashti khanepur karrhi road kanpur nagar',1,1,1,'English',0,'2026-02-20 15:31:07.398925',4,'profile_images/6274.jpg');
INSERT INTO "core_profile" VALUES(5,'user','multi_test@example.com::user','','',1,1,1,'English',0,'2026-02-21 09:45:37.085058',5,'');
INSERT INTO "core_profile" VALUES(8,'organizer','asing27748@gmail.com','','',1,1,1,'English',0,'2026-02-21 09:48:55.943643',8,'');
INSERT INTO "core_profile" VALUES(9,'user','prahaldsingh12365415@gmail.com','','',1,1,1,'English',0,'2026-02-21 17:22:35.898731',9,'');
INSERT INTO "core_profile" VALUES(10,'organizer','prahaldsingh12365415@gmail.com','','',1,1,1,'English',0,'2026-02-21 17:23:45.621032',10,'');
INSERT INTO "core_profile" VALUES(11,'organizer','prahaladsingh12365415@gmail.com','','',1,1,1,'English',0,'2026-02-21 17:25:27.175723',11,'');
CREATE TABLE "core_supportticket" ("id" integer NOT NULL PRIMARY KEY AUTOINCREMENT, "subject" varchar(180) NOT NULL, "message" text NOT NULL, "status" varchar(20) NOT NULL, "created_at" datetime NOT NULL, "user_id" integer NOT NULL REFERENCES "auth_user" ("id") DEFERRABLE INITIALLY DEFERRED);
CREATE TABLE "django_admin_log" ("id" integer NOT NULL PRIMARY KEY AUTOINCREMENT, "object_id" text NULL, "object_repr" varchar(200) NOT NULL, "action_flag" smallint unsigned NOT NULL CHECK ("action_flag" >= 0), "change_message" text NOT NULL, "content_type_id" integer NULL REFERENCES "django_content_type" ("id") DEFERRABLE INITIALLY DEFERRED, "user_id" integer NOT NULL REFERENCES "auth_user" ("id") DEFERRABLE INITIALLY DEFERRED, "action_time" datetime NOT NULL);
CREATE TABLE "django_content_type" ("id" integer NOT NULL PRIMARY KEY AUTOINCREMENT, "app_label" varchar(100) NOT NULL, "model" varchar(100) NOT NULL);
INSERT INTO "django_content_type" VALUES(1,'admin','logentry');
INSERT INTO "django_content_type" VALUES(2,'auth','group');
INSERT INTO "django_content_type" VALUES(3,'auth','permission');
INSERT INTO "django_content_type" VALUES(4,'auth','user');
INSERT INTO "django_content_type" VALUES(5,'contenttypes','contenttype');
INSERT INTO "django_content_type" VALUES(6,'sessions','session');
INSERT INTO "django_content_type" VALUES(7,'core','booking');
INSERT INTO "django_content_type" VALUES(8,'core','event');
INSERT INTO "django_content_type" VALUES(9,'core','notification');
INSERT INTO "django_content_type" VALUES(10,'core','otprequest');
INSERT INTO "django_content_type" VALUES(11,'core','payment');
INSERT INTO "django_content_type" VALUES(12,'core','profile');
INSERT INTO "django_content_type" VALUES(13,'core','supportticket');
CREATE TABLE "django_migrations" ("id" integer NOT NULL PRIMARY KEY AUTOINCREMENT, "app" varchar(255) NOT NULL, "name" varchar(255) NOT NULL, "applied" datetime NOT NULL);
INSERT INTO "django_migrations" VALUES(1,'contenttypes','0001_initial','2026-02-20 15:18:52.463872');
INSERT INTO "django_migrations" VALUES(2,'auth','0001_initial','2026-02-20 15:18:52.526184');
INSERT INTO "django_migrations" VALUES(3,'admin','0001_initial','2026-02-20 15:18:52.583563');
INSERT INTO "django_migrations" VALUES(4,'admin','0002_logentry_remove_auto_add','2026-02-20 15:18:52.624248');
INSERT INTO "django_migrations" VALUES(5,'admin','0003_logentry_add_action_flag_choices','2026-02-20 15:18:52.643918');
INSERT INTO "django_migrations" VALUES(6,'contenttypes','0002_remove_content_type_name','2026-02-20 15:18:52.706894');
INSERT INTO "django_migrations" VALUES(7,'auth','0002_alter_permission_name_max_length','2026-02-20 15:18:52.747137');
INSERT INTO "django_migrations" VALUES(8,'auth','0003_alter_user_email_max_length','2026-02-20 15:18:52.782497');
INSERT INTO "django_migrations" VALUES(9,'auth','0004_alter_user_username_opts','2026-02-20 15:18:52.810684');
INSERT INTO "django_migrations" VALUES(10,'auth','0005_alter_user_last_login_null','2026-02-20 15:18:52.841549');
INSERT INTO "django_migrations" VALUES(11,'auth','0006_require_contenttypes_0002','2026-02-20 15:18:52.846853');
INSERT INTO "django_migrations" VALUES(12,'auth','0007_alter_validators_add_error_messages','2026-02-20 15:18:52.879879');
INSERT INTO "django_migrations" VALUES(13,'auth','0008_alter_user_username_max_length','2026-02-20 15:18:52.910082');
INSERT INTO "django_migrations" VALUES(14,'auth','0009_alter_user_last_name_max_length','2026-02-20 15:18:52.946240');
INSERT INTO "django_migrations" VALUES(15,'auth','0010_alter_group_name_max_length','2026-02-20 15:18:52.984806');
INSERT INTO "django_migrations" VALUES(16,'auth','0011_update_proxy_permissions','2026-02-20 15:18:53.020235');
INSERT INTO "django_migrations" VALUES(17,'auth','0012_alter_user_first_name_max_length','2026-02-20 15:18:53.048468');
INSERT INTO "django_migrations" VALUES(18,'sessions','0001_initial','2026-02-20 15:18:53.063043');
INSERT INTO "django_migrations" VALUES(19,'core','0001_initial','2026-02-20 15:19:13.110483');
INSERT INTO "django_migrations" VALUES(20,'core','0002_profile_profile_image','2026-02-20 16:26:27.295975');
INSERT INTO "django_migrations" VALUES(21,'core','0003_event_image_file','2026-02-21 06:54:28.034477');
INSERT INTO "django_migrations" VALUES(22,'core','0004_alter_profile_contact_and_more','2026-02-21 09:44:25.435449');
INSERT INTO "django_migrations" VALUES(23,'core','0005_event_active_participants_required_and_more','2026-02-21 11:51:55.889725');
INSERT INTO "django_migrations" VALUES(24,'core','0006_booking_application_role','2026-02-21 18:09:53.935176');
CREATE TABLE "django_session" ("session_key" varchar(40) NOT NULL PRIMARY KEY, "session_data" text NOT NULL, "expire_date" datetime NOT NULL);
INSERT INTO "django_session" VALUES('c6rtplmv91y5046ouvs99wae9wq4za8i','.eJxVjDsOwjAQRO_iGlm2g3-U9JzBWu-ucQA5UpxUiLuTSCmgGmnem3mLBOtS09p5TiOJi9Di9NtlwCe3HdAD2n2SOLVlHrPcFXnQLm8T8et6uH8HFXrd1gFC9lZrj96qUrI2phitHBuXbQTPjD6enaJiLelMNmzBERUOAWiI4vMF17g32A:1vtSKb:fQBaHdstPcpyvJcHoI4sPTe-U5gquFbI8jhnvez1Kok','2026-03-06 15:22:13.904194');
INSERT INTO "django_session" VALUES('rlufxpsf58s2lq7f8y5rf5n50ms4z8mp','.eJxVjEsOwjAMBe-SNYoaxyQpS_Y9Q-XENi2gRupnhbg7VOoCtm9m3sv0tK1Dvy0y9yObiwFz-t0ylYdMO-A7TbdqS53Wecx2V-xBF9tVluf1cP8OBlqGb02gkgQiUnEJMfoEZ8yxbRBb9cISGbmkzCCA4ENQR0HRqaYmOQnm_QHdcje1:1vtSL1:uByNvAolWfCs4agEj_uKxdSegb0kYm7knDnNabTeE-g','2026-03-06 15:22:39.553489');
INSERT INTO "django_session" VALUES('64cxq9nhtgde1xeah8xd30320hb5gu8i','eyJsYXN0X290cF9wcmV2aWV3Ijp7InJlcXVlc3RfaWQiOjEsIm90cCI6Ijk0NDg4NyJ9fQ:1vtSMW:fAmHQb7mklFq2fE2oy2lzMYcDUqdkVNHZNMPM3qmetc','2026-03-06 15:24:12.675126');
INSERT INTO "django_session" VALUES('1nj0ayj2irobry3ujhq69e23b93rb1fi','.eJxVjDsOwjAQRO_iGlm2g3-U9JzBWu-ucQA5UpxUiLuTSCmgGmnem3mLBOtS09p5TiOJi9Di9NtlwCe3HdAD2n2SOLVlHrPcFXnQLm8T8et6uH8HFXrd1gFC9lZrj96qUrI2phitHBuXbQTPjD6enaJiLelMNmzBERUOAWiI4vMF17g32A:1vtSMZ:-mh7TlyOiWmRIox67rOnL1l3bsyHh-lF4X1Msj0uJds','2026-03-06 15:24:15.658128');
INSERT INTO "django_session" VALUES('iuc1h0b7kzgyo9fdddrdnnkaygcwfypk','.eJxVjEsOwjAMBe-SNYoaxyQpS_Y9Q-XENi2gRupnhbg7VOoCtm9m3sv0tK1Dvy0y9yObiwFz-t0ylYdMO-A7TbdqS53Wecx2V-xBF9tVluf1cP8OBlqGb02gkgQiUnEJMfoEZ8yxbRBb9cISGbmkzCCA4ENQR0HRqaYmOQnm_QHdcje1:1vtSMc:BhTk4aHbOGZ2f-eOMUvi39RkwrydxAfCKJ2QrkqpYbI','2026-03-06 15:24:18.216540');
INSERT INTO "django_session" VALUES('7074uunt76trln7wl7kt2qv3dsruqzqe','.eJxVjMsOwiAQRf-FtSFTBoG6dN9vIMNjpGogKe3K-O_apAvd3nPOfQlP21r81vPi5yQuAsXpdwsUH7nuIN2p3pqMra7LHOSuyIN2ObWUn9fD_Tso1Mu31qDNyA4iUowBrUFiTkBnN7gAmZFsAtRK2UHlRMYZqxndCE4RIIN4fwDgeDdm:1vtSNS:oCNqf1yRk2btE4jgRx6qrZaNOUsmUb2OH176tH192Vo','2026-03-06 15:25:10.986872');
INSERT INTO "django_session" VALUES('h5u5m1dgq84z69t4vimllxgq9kxttz00','.eJxVjDsOwjAQRO_iGlm2g3-U9JzBWu-ucQA5UpxUiLuTSCmgGmnem3mLBOtS09p5TiOJi9Di9NtlwCe3HdAD2n2SOLVlHrPcFXnQLm8T8et6uH8HFXrd1gFC9lZrj96qUrI2phitHBuXbQTPjD6enaJiLelMNmzBERUOAWiI4vMF17g32A:1vtT7m:k746fiJ6uPmVX5r9aNNwjD3PKSi3Bsk4zwRV-CBDUUE','2026-03-06 16:13:02.602996');
INSERT INTO "django_session" VALUES('szbfq1bmgmi3wxfdj9hmleyuiyyrfgv1','.eJxVjDsOwjAQRO_iGlm2g3-U9JzBWu-ucQA5UpxUiLuTSCmgGmnem3mLBOtS09p5TiOJi9Di9NtlwCe3HdAD2n2SOLVlHrPcFXnQLm8T8et6uH8HFXrd1gFC9lZrj96qUrI2phitHBuXbQTPjD6enaJiLelMNmzBERUOAWiI4vMF17g32A:1vtTLa:C9Mj-PmjoXu7jJPuSbgUU7K2--UuHTa8VKW1sb_amRs','2026-03-06 16:27:18.363170');
INSERT INTO "django_session" VALUES('ylqst33mwdxa19k4p25mjzpmy3dfbf72','eyJsYXN0X290cF9wcmV2aWV3Ijp7InJlcXVlc3RfaWQiOjYsIm90cCI6Ijk2ODAyNSJ9fQ:1vtqgK:o1K3zg9NgSzbZQxIcd-HEoboXIqCnXSQfUSs_acGNHA','2026-03-07 17:22:16.544629');
INSERT INTO "django_session" VALUES('j7n0w2oy6yzxprs1vzxsag5dbm5buglm','eyJsYXN0X290cF9wcmV2aWV3Ijp7InJlcXVlc3RfaWQiOjcsIm90cCI6Ijc1MDYxMSJ9fQ:1vtqgM:CeD8NOEuLli2wly_uXuQCZN1bIT1V4bDIKDNKchXyWk','2026-03-07 17:22:18.771010');
INSERT INTO "django_session" VALUES('wf47xi9lnyz2wlixw9fhy8wc7jw4qt44','.eJxVjL0OwyAQg9-FuULJhd-O3fMM6ICjpK1ACslU9d1LpAytvFj-bL-Zw33Lbm-0uiWyKxsHdvkNPYYnlYPEB5Z75aGWbV08Pyr8pI3PNdLrdnb_DjK23Neo5QAigUXQSZIUpHVKFowCoXzsAopGWondSPAogpmUGUMiZbSf2OcLBlU4SQ:1vtqho:_Pj0WMUKObnbsHU4seJukAc2lP3awETDN2NJOdAvet8','2026-03-07 17:23:48.509936');
INSERT INTO "django_session" VALUES('4vxfektsv4oq1w3e8k32zihxmfimyu96','.eJxVjMsOwiAQRf-FtSEMUAZcuvcbyPCSqoGktCvjv2uTLnR7zzn3xTxta_XbyIufEzszAHb6HQPFR247SXdqt85jb-syB74r_KCDX3vKz8vh_h1UGvVbF5tRCqlSEtFFxKQtkioFCzojIToUMCEFJY02k9IiRyUJBAjrICti7w_z3DcQ:1vtqjP:t45Hf3bfi5CmZeBGy1pbagpmk6pPQqucbNh1oTw_pEU','2026-03-07 17:25:27.216291');
INSERT INTO "django_session" VALUES('zp4sav8jl1xbrqnnd3l3tfs3wgfochw8','.eJxVjDsOwjAQRO_iGlm2g3-U9JzBWu-ucQA5UpxUiLuTSCmgGmnem3mLBOtS09p5TiOJi9Di9NtlwCe3HdAD2n2SOLVlHrPcFXnQLm8T8et6uH8HFXrd1gFC9lZrj96qUrI2phitHBuXbQTPjD6enaJiLelMNmzBERUOAWiI4vMF17g32A:1vtrDn:2TZLm4gLZSunl2D3elHXvHqKbeTVttIX7idd_52s_1Y','2026-03-07 17:56:51.942690');
INSERT INTO "django_session" VALUES('0ui18kbx3vym985r1o9vcx5wbedpuk1r','.eJxVjEsOwjAMBe-SNYoaxyQpS_Y9Q-XENi2gRupnhbg7VOoCtm9m3sv0tK1Dvy0y9yObiwFz-t0ylYdMO-A7TbdqS53Wecx2V-xBF9tVluf1cP8OBlqGb02gkgQiUnEJMfoEZ8yxbRBb9cISGbmkzCCA4ENQR0HRqaYmOQnm_QHdcje1:1vtrEb:AB2kXnGBLqTc7fLjJqxqc-bzY6NfsFp0ctzn51P9yC4','2026-03-07 17:57:41.663027');
INSERT INTO "django_session" VALUES('t5pbnbg4lcffdkops3ksj1mz5uikq748','.eJxVjDsOwjAQRO_iGlm2g3-U9JzBWu-ucQA5UpxUiLuTSCmgGmnem3mLBOtS09p5TiOJi9Di9NtlwCe3HdAD2n2SOLVlHrPcFXnQLm8T8et6uH8HFXrd1gFC9lZrj96qUrI2phitHBuXbQTPjD6enaJiLelMNmzBERUOAWiI4vMF17g32A:1vtrEb:Og6yYMgXOLLEwrQIHyKF4iiFes475dFi_UtrjEC_0J0','2026-03-07 17:57:41.726830');
INSERT INTO "django_session" VALUES('h7pbioej4wy8yrz0w5i9ewuwguxxor7z','.eJxVjDsOwjAQRO_iGlm2g3-U9JzBWu-ucQA5UpxUiLuTSCmgGmnem3mLBOtS09p5TiOJi9Di9NtlwCe3HdAD2n2SOLVlHrPcFXnQLm8T8et6uH8HFXrd1gFC9lZrj96qUrI2phitHBuXbQTPjD6enaJiLelMNmzBERUOAWiI4vMF17g32A:1vtrFb:Q-V0xr3FDrnUM851TAr9UnzNdomU-36tDzR7hSom5zU','2026-03-07 17:58:43.921732');
INSERT INTO "django_session" VALUES('txuwxdisqsx0x3iig0rvlo90xoo7m0x4','.eJxVjDsOwjAQRO_iGlm2g3-U9JzBWu-ucQA5UpxUiLuTSCmgGmnem3mLBOtS09p5TiOJi9Di9NtlwCe3HdAD2n2SOLVlHrPcFXnQLm8T8et6uH8HFXrd1gFC9lZrj96qUrI2phitHBuXbQTPjD6enaJiLelMNmzBERUOAWiI4vMF17g32A:1vtrQq:aIkxC_eornA_c1S7fG1dJo6R7fNHJbm2V_kTa4a6jgE','2026-03-07 18:10:20.045989');
INSERT INTO "django_session" VALUES('gjh4a9p19z1rj5awc4gry8oho2js3uz0','.eJxVjEEOwiAQRe_C2pBhgBZduu8ZyNAZpGpoUtqV8e7apAvd_vfef6lI21ri1mSJE6uLMqhOv2Oi8SF1J3ynepv1ONd1mZLeFX3QpoeZ5Xk93L-DQq18a6LgTfZdAsdZzilB8IweyHsLxJT7DkexzmYHLJ3FLJi5RxPYCgKo9wcYsjhK:1vtrQs:-MTIViEzvft1qZ3ix1R6OB4meRdZt3b-wrrrIq4u3Hk','2026-03-07 18:10:22.738910');
INSERT INTO "django_session" VALUES('umoojgzyzuch6ncy4qgcq419p320ujyi','.eJxVjEsOwjAMBe-SNYoaxyQpS_Y9Q-XENi2gRupnhbg7VOoCtm9m3sv0tK1Dvy0y9yObiwFz-t0ylYdMO-A7TbdqS53Wecx2V-xBF9tVluf1cP8OBlqGb02gkgQiUnEJMfoEZ8yxbRBb9cISGbmkzCCA4ENQR0HRqaYmOQnm_QHdcje1:1vtrUW:76DUiO7Wa4ySaQeqlNoCjpz3Xs51WAAL97TrsgX2Luo','2026-03-07 18:14:08.711092');
INSERT INTO "django_session" VALUES('oj6ovz8drz9a8k4agxqvo0g5imczol2m','.eJxVjDsOwjAQRO_iGlm2g3-U9JzBWu-ucQA5UpxUiLuTSCmgGmnem3mLBOtS09p5TiOJi9Di9NtlwCe3HdAD2n2SOLVlHrPcFXnQLm8T8et6uH8HFXrd1gFC9lZrj96qUrI2phitHBuXbQTPjD6enaJiLelMNmzBERUOAWiI4vMF17g32A:1vtrXY:5AopF31yceDeh9e5yvGAoFKgUJSz8S6g8TwQNaVPnh8','2026-03-07 18:17:16.037368');
INSERT INTO "django_session" VALUES('x5qcigjyuca7c3wbbfj9yglq5rqfnmpz','.eJxVjDsOwjAQRO_iGlm2g3-U9JzBWu-ucQA5UpxUiLuTSCmgGmnem3mLBOtS09p5TiOJi9Di9NtlwCe3HdAD2n2SOLVlHrPcFXnQLm8T8et6uH8HFXrd1gFC9lZrj96qUrI2phitHBuXbQTPjD6enaJiLelMNmzBERUOAWiI4vMF17g32A:1vtraX:C9LnyLAGmXTMW1u1KbJZn3185RMZAHSiQWkgZR_wE14','2026-03-07 18:20:21.305636');
INSERT INTO "django_session" VALUES('9ax411q5ycqvwo3fp25rnwlwyp4soy65','.eJxVjDsOwjAQRO_iGlm2g3-U9JzBWu-ucQA5UpxUiLuTSCmgGmnem3mLBOtS09p5TiOJi9Di9NtlwCe3HdAD2n2SOLVlHrPcFXnQLm8T8et6uH8HFXrd1gFC9lZrj96qUrI2phitHBuXbQTPjD6enaJiLelMNmzBERUOAWiI4vMF17g32A:1vtrbo:puZVpt3_dOF7hoMl9CS2B7fLiUoFN6x2KJNVlZ9zMHA','2026-03-07 18:21:40.219534');
INSERT INTO "django_session" VALUES('f4hc0paf8mxat9j009kusjygpezm9rsq','.eJxVjDsOwjAQRO_iGlm2g3-U9JzBWu-ucQA5UpxUiLuTSCmgGmnem3mLBOtS09p5TiOJi9Di9NtlwCe3HdAD2n2SOLVlHrPcFXnQLm8T8et6uH8HFXrd1gFC9lZrj96qUrI2phitHBuXbQTPjD6enaJiLelMNmzBERUOAWiI4vMF17g32A:1vtrbo:puZVpt3_dOF7hoMl9CS2B7fLiUoFN6x2KJNVlZ9zMHA','2026-03-07 18:21:40.664141');
INSERT INTO "django_session" VALUES('0dbr9ygg5p2xdrqfv67v66fk1029k0b4','.eJxVjDsOwjAQRO_iGlm2g3-U9JzBWu-ucQA5UpxUiLuTSCmgGmnem3mLBOtS09p5TiOJi9Di9NtlwCe3HdAD2n2SOLVlHrPcFXnQLm8T8et6uH8HFXrd1gFC9lZrj96qUrI2phitHBuXbQTPjD6enaJiLelMNmzBERUOAWiI4vMF17g32A:1vtrc9:-6UpZIf891rL-qMvU9VlvNsq0iSTgohfP48lywr7Uvc','2026-03-07 18:22:01.557071');
INSERT INTO "django_session" VALUES('wyv5bmhpx89nibsnotgfolml31flqjer','.eJxVjDsOwjAQRO_iGlm2g3-U9JzBWu-ucQA5UpxUiLuTSCmgGmnem3mLBOtS09p5TiOJi9Di9NtlwCe3HdAD2n2SOLVlHrPcFXnQLm8T8et6uH8HFXrd1gFC9lZrj96qUrI2phitHBuXbQTPjD6enaJiLelMNmzBERUOAWiI4vMF17g32A:1vtrcl:0WoDQzL-5yJ11fY5tuy47oLO0QP9PnPHOtufm2TAC-Q','2026-03-07 18:22:39.775978');
INSERT INTO "django_session" VALUES('xt0ixkhl5uwcm5sj9eyuda3njj4vq9u6','.eJxVjDsOwjAQRO_iGlm2g3-U9JzBWu-ucQA5UpxUiLuTSCmgGmnem3mLBOtS09p5TiOJi9Di9NtlwCe3HdAD2n2SOLVlHrPcFXnQLm8T8et6uH8HFXrd1gFC9lZrj96qUrI2phitHBuXbQTPjD6enaJiLelMNmzBERUOAWiI4vMF17g32A:1vtrdJ:8aRDnvuM6UtuGsRKXVEPR-cF5gtE26TY3moMqSnnLjk','2026-03-07 18:23:13.708491');
INSERT INTO "django_session" VALUES('esjbenkzb0fasnfzljspr8np6ih956s9','.eJxVjDsOwjAQRO_iGlm2g3-U9JzBWu-ucQA5UpxUiLuTSCmgGmnem3mLBOtS09p5TiOJi9Di9NtlwCe3HdAD2n2SOLVlHrPcFXnQLm8T8et6uH8HFXrd1gFC9lZrj96qUrI2phitHBuXbQTPjD6enaJiLelMNmzBERUOAWiI4vMF17g32A:1vtrda:1VDWRZapkxGT9UnqJMfI2iXXtnKrntUaSENeE9zPOvE','2026-03-07 18:23:30.690841');
CREATE UNIQUE INDEX "auth_group_permissions_group_id_permission_id_0cd325b0_uniq" ON "auth_group_permissions" ("group_id", "permission_id");
CREATE INDEX "auth_group_permissions_group_id_b120cbf9" ON "auth_group_permissions" ("group_id");
CREATE INDEX "auth_group_permissions_permission_id_84c5c92e" ON "auth_group_permissions" ("permission_id");
CREATE UNIQUE INDEX "auth_user_groups_user_id_group_id_94350c0c_uniq" ON "auth_user_groups" ("user_id", "group_id");
CREATE INDEX "auth_user_groups_user_id_6a12ed8b" ON "auth_user_groups" ("user_id");
CREATE INDEX "auth_user_groups_group_id_97559544" ON "auth_user_groups" ("group_id");
CREATE UNIQUE INDEX "auth_user_user_permissions_user_id_permission_id_14a6b632_uniq" ON "auth_user_user_permissions" ("user_id", "permission_id");
CREATE INDEX "auth_user_user_permissions_user_id_a95ead1b" ON "auth_user_user_permissions" ("user_id");
CREATE INDEX "auth_user_user_permissions_permission_id_1fbb5f2c" ON "auth_user_user_permissions" ("permission_id");
CREATE INDEX "django_admin_log_content_type_id_c4bce8eb" ON "django_admin_log" ("content_type_id");
CREATE INDEX "django_admin_log_user_id_c564eba6" ON "django_admin_log" ("user_id");
CREATE UNIQUE INDEX "django_content_type_app_label_model_76bd3d3b_uniq" ON "django_content_type" ("app_label", "model");
CREATE UNIQUE INDEX "auth_permission_content_type_id_codename_01ab375a_uniq" ON "auth_permission" ("content_type_id", "codename");
CREATE INDEX "auth_permission_content_type_id_2f476e4b" ON "auth_permission" ("content_type_id");
CREATE INDEX "django_session_expire_date_a5c62663" ON "django_session" ("expire_date");
CREATE INDEX "core_notification_user_id_6e341aac" ON "core_notification" ("user_id");
CREATE INDEX "core_otprequest_user_id_9e31b97e" ON "core_otprequest" ("user_id");
CREATE INDEX "core_payment_booking_id_cf0dceaa" ON "core_payment" ("booking_id");
CREATE INDEX "core_supportticket_user_id_5a23444c" ON "core_supportticket" ("user_id");
CREATE INDEX "core_event_created_by_id_55633c2b" ON "core_event" ("created_by_id");
CREATE INDEX "core_booking_user_id_55d9bfa8" ON "core_booking" ("user_id");
CREATE INDEX "core_booking_event_id_ddb882a0" ON "core_booking" ("event_id");
DELETE FROM "sqlite_sequence";
INSERT INTO "sqlite_sequence" VALUES('django_migrations',24);
INSERT INTO "sqlite_sequence" VALUES('django_admin_log',0);
INSERT INTO "sqlite_sequence" VALUES('django_content_type',13);
INSERT INTO "sqlite_sequence" VALUES('auth_permission',52);
INSERT INTO "sqlite_sequence" VALUES('auth_group',0);
INSERT INTO "sqlite_sequence" VALUES('auth_user',12);
INSERT INTO "sqlite_sequence" VALUES('core_payment',6);
INSERT INTO "sqlite_sequence" VALUES('core_notification',20);
INSERT INTO "sqlite_sequence" VALUES('core_otprequest',10);
INSERT INTO "sqlite_sequence" VALUES('core_profile',12);
INSERT INTO "sqlite_sequence" VALUES('core_event',11);
INSERT INTO "sqlite_sequence" VALUES('core_booking',9);
COMMIT;
